[
  {
    "order_id": "cc9410d6",
    "created_at": "2025-09-25T10:27:23.553746Z",
    "user_id": 1175958207,
    "user_name": "тошка",
    "phone": "+380939131457",
    "address": "М.Київ тігрова 1",
    "items": [
      {
        "product_id": "p005",
        "name": "Підставка для ноутбука CoolLift",
        "qty": 1,
        "price": 19.99
      }
    ],
    "total": 19.99,
    "status": "paid"
  },
  {
    "order_id": "de1a336f",
    "created_at": "2025-09-25T11:17:32.478008Z",
    "user_id": 903625197,
    "user_name": "L.;'",
    "phone": "./",
    "address": "HJ",
    "items": [
      {
        "product_id": "p001",
        "name": "Механічна клавіатура RedStorm K8",
        "qty": 1,
        "price": 79.99
      }
    ],
    "total": 79.99,
    "status": "shipped"
  },
  {
    "order_id": "a9379259",
    "created_at": "2025-09-25T16:53:08.404300Z",
    "user_id": 7743660110,
    "user_name": "vffddfb",
    "phone": "dfgth",
    "address": "rgergergerg",
    "items": [
      {
        "product_id": "p001",
        "name": "Механічна клавіатура RedStorm K8",
        "qty": 1,
        "price": 79.99
      }
    ],
    "total": 79.99,
    "status": "shipped"
  }
]